i,Xi,F(Xi),Dn
1,0.1652,0.1,0.06520000000000001
2,0.20554,0.2,0.005539999999999989
3,0.33521,0.3,0.03521000000000002
4,0.34677,0.4,0.05323
5,0.45305,0.5,0.04694999999999999
6,0.59404,0.6,0.005959999999999965
7,0.59589,0.7,0.10410999999999992
8,0.59747,0.8,0.2025300000000001
9,0.68652,0.9,0.21348
10,0.79375,1.0,0.20625000000000004
